0.000000000,192.168.1.59
0.336341000,200.236.31.4
0.336422000,192.168.1.59
0.336604000,192.168.1.59
0.631636000,200.236.31.4
0.648503000,200.236.31.4
0.648512000,200.236.31.4
0.648514000,200.236.31.4
0.648516000,200.236.31.4
0.648518000,200.236.31.4
0.648520000,200.236.31.4
0.648627000,200.236.31.4
0.648630000,200.236.31.4
0.648633000,200.236.31.4
0.648634000,200.236.31.4
0.648715000,192.168.1.59
0.648775000,192.168.1.59
0.648776000,192.168.1.59
0.648836000,192.168.1.59
0.648864000,192.168.1.59
0.648880000,192.168.1.59
0.649094000,192.168.1.59
1.155978000,200.236.31.4
1.155983000,200.236.31.4
1.156022000,200.236.31.4
1.156023000,200.236.31.4
1.156055000,200.236.31.4
1.156102000,200.236.31.4
1.156106000,200.236.31.4
1.156136000,200.236.31.4
1.156154000,192.168.1.59
1.156155000,192.168.1.59
1.156155000,192.168.1.59
1.156195000,192.168.1.59
1.156195000,192.168.1.59
1.156246000,200.236.31.4
1.156249000,200.236.31.4
1.156251000,200.236.31.4
1.156287000,200.236.31.4
1.156291000,200.236.31.4
1.156301000,192.168.1.59
1.156373000,200.236.31.4
1.156378000,200.236.31.4
1.156421000,200.236.31.4
1.156426000,200.236.31.4
1.156467000,200.236.31.4
1.156483000,192.168.1.59
1.156483000,192.168.1.59
1.156483000,192.168.1.59
1.156484000,192.168.1.59
1.156484000,192.168.1.59
1.156525000,192.168.1.59
1.157644000,200.236.31.4
1.157648000,200.236.31.4
1.157722000,192.168.1.59
1.157745000,192.168.1.59
1.567633000,200.236.31.4
1.567640000,200.236.31.4
1.567642000,200.236.31.4
1.567643000,200.236.31.4
1.567644000,200.236.31.4
1.567843000,192.168.1.59
1.567845000,192.168.1.59
1.567938000,192.168.1.59
1.568066000,200.236.31.4
1.568074000,200.236.31.4
1.568077000,200.236.31.4
1.568078000,200.236.31.4
1.568079000,200.236.31.4
1.568080000,200.236.31.4
1.568125000,200.236.31.4
1.568127000,200.236.31.4
1.568128000,200.236.31.4
1.568184000,200.236.31.4
1.568186000,200.236.31.4
1.568231000,200.236.31.4
1.568235000,200.236.31.4
1.568275000,200.236.31.4
1.568324000,200.236.31.4
1.568328000,200.236.31.4
1.568365000,200.236.31.4
1.568405000,200.236.31.4
1.568447000,200.236.31.4
1.568451000,200.236.31.4
1.568490000,200.236.31.4
1.568538000,200.236.31.4
1.568543000,200.236.31.4
1.568580000,200.236.31.4
1.568620000,200.236.31.4
1.568665000,200.236.31.4
1.568669000,200.236.31.4
1.568707000,200.236.31.4
1.568745000,200.236.31.4
1.568793000,200.236.31.4
1.568797000,200.236.31.4
1.568843000,192.168.1.59
1.568843000,192.168.1.59
1.568843000,192.168.1.59
1.568843000,192.168.1.59
1.568844000,192.168.1.59
1.568844000,192.168.1.59
1.568844000,192.168.1.59
1.568845000,192.168.1.59
1.568845000,192.168.1.59
1.568845000,192.168.1.59
1.568845000,192.168.1.59
1.568846000,192.168.1.59
1.568846000,192.168.1.59
1.568846000,192.168.1.59
1.568846000,192.168.1.59
1.568847000,192.168.1.59
1.568847000,192.168.1.59
1.568908000,192.168.1.59
1.569542000,200.236.31.4
1.670000000,192.168.1.59
1.869521000,200.236.31.4
1.869527000,200.236.31.4
1.869529000,200.236.31.4
1.869530000,200.236.31.4
1.869531000,200.236.31.4
1.869532000,200.236.31.4
1.869580000,200.236.31.4
1.869586000,200.236.31.4
1.869587000,200.236.31.4
1.869633000,200.236.31.4
1.869640000,200.236.31.4
1.869702000,200.236.31.4
1.869708000,200.236.31.4
1.869793000,200.236.31.4
1.869800000,200.236.31.4
1.869803000,200.236.31.4
1.869883000,200.236.31.4
1.869889000,200.236.31.4
1.869961000,200.236.31.4
1.869966000,200.236.31.4
1.869967000,200.236.31.4
1.870019000,200.236.31.4
1.870027000,200.236.31.4
1.870028000,200.236.31.4
1.870066000,200.236.31.4
1.870114000,200.236.31.4
1.870118000,200.236.31.4
1.870148000,200.236.31.4
1.870182000,200.236.31.4
1.870216000,200.236.31.4
1.870259000,200.236.31.4
1.870282000,192.168.1.59
1.870282000,192.168.1.59
1.870282000,192.168.1.59
1.870283000,192.168.1.59
1.870283000,192.168.1.59
1.870283000,192.168.1.59
1.870283000,192.168.1.59
1.870284000,192.168.1.59
1.870284000,192.168.1.59
1.870284000,192.168.1.59
1.870284000,192.168.1.59
1.870285000,192.168.1.59
1.870285000,192.168.1.59
1.870285000,192.168.1.59
1.870285000,192.168.1.59
1.870286000,192.168.1.59
1.870345000,192.168.1.59
1.870345000,192.168.1.59
1.870583000,200.236.31.4
1.870587000,200.236.31.4
1.870622000,200.236.31.4
1.870626000,200.236.31.4
1.870632000,192.168.1.59
1.870694000,200.236.31.4
1.870705000,192.168.1.59
1.870706000,192.168.1.59
1.870751000,192.168.1.59
1.988710000,200.236.31.4
1.988722000,200.236.31.4
1.988730000,200.236.31.4
1.989545000,192.168.1.59
1.989546000,192.168.1.59
1.989546000,192.168.1.59
2.165197000,200.236.31.4
2.165208000,200.236.31.4
2.165210000,200.236.31.4
2.165213000,200.236.31.4
2.165215000,200.236.31.4
2.165217000,200.236.31.4
2.165297000,200.236.31.4
2.165305000,200.236.31.4
2.165308000,200.236.31.4
2.165311000,200.236.31.4
2.165391000,200.236.31.4
2.165398000,200.236.31.4
2.165400000,200.236.31.4
2.165401000,200.236.31.4
2.165479000,192.168.1.59
2.165480000,192.168.1.59
2.165481000,192.168.1.59
2.165557000,192.168.1.59
2.165558000,192.168.1.59
2.165580000,192.168.1.59
2.165580000,192.168.1.59
2.165581000,192.168.1.59
2.165581000,192.168.1.59
2.165582000,192.168.1.59
2.166893000,200.236.31.4
2.166899000,200.236.31.4
2.166901000,200.236.31.4
2.166902000,200.236.31.4
2.166903000,200.236.31.4
2.166957000,200.236.31.4
2.166961000,200.236.31.4
2.166962000,200.236.31.4
2.167005000,200.236.31.4
2.167034000,192.168.1.59
2.167085000,192.168.1.59
2.167110000,192.168.1.59
2.167129000,192.168.1.59
2.167229000,200.236.31.4
2.167251000,192.168.1.59
2.167295000,192.168.1.59
2.167379000,192.168.1.59
2.168196000,200.236.31.4
2.168200000,200.236.31.4
2.168234000,200.236.31.4
2.168235000,200.236.31.4
2.168268000,200.236.31.4
2.168278000,192.168.1.59
2.168295000,192.168.1.59
2.168358000,200.236.31.4
2.168362000,200.236.31.4
2.168373000,192.168.1.59
2.168413000,192.168.1.59
2.168432000,192.168.1.59
2.169945000,200.236.31.4
2.169952000,200.236.31.4
2.169953000,200.236.31.4
2.169955000,200.236.31.4
2.169956000,200.236.31.4
2.169957000,200.236.31.4
2.170084000,192.168.1.59
2.170084000,192.168.1.59
2.170134000,192.168.1.59
2.170200000,192.168.1.59
2.283209000,200.236.31.4
2.283220000,200.236.31.4
2.283393000,192.168.1.59
2.283444000,192.168.1.59
2.284724000,200.236.31.4
2.386538000,192.168.1.59
2.459171000,200.236.31.4
2.459182000,200.236.31.4
2.459184000,200.236.31.4
2.459187000,200.236.31.4
2.459353000,192.168.1.59
2.459398000,192.168.1.59
2.459463000,192.168.1.59
2.460627000,200.236.31.4
2.460632000,200.236.31.4
2.460669000,200.236.31.4
2.460671000,200.236.31.4
2.460703000,200.236.31.4
2.460775000,200.236.31.4
2.460783000,200.236.31.4
2.460822000,200.236.31.4
2.460825000,200.236.31.4
2.460864000,200.236.31.4
2.460902000,200.236.31.4
2.460947000,200.236.31.4
2.460950000,200.236.31.4
2.460993000,200.236.31.4
2.461041000,200.236.31.4
2.461045000,200.236.31.4
2.461086000,200.236.31.4
2.461139000,200.236.31.4
2.461162000,192.168.1.59
2.461162000,192.168.1.59
2.461162000,192.168.1.59
2.461163000,192.168.1.59
2.461163000,192.168.1.59
2.461163000,192.168.1.59
2.461163000,192.168.1.59
2.461164000,192.168.1.59
2.461164000,192.168.1.59
2.461164000,192.168.1.59
2.461164000,192.168.1.59
2.461165000,192.168.1.59
2.461227000,192.168.1.59
2.462425000,200.236.31.4
2.462428000,200.236.31.4
2.462461000,200.236.31.4
2.462506000,200.236.31.4
2.462507000,200.236.31.4
2.462546000,200.236.31.4
2.462600000,200.236.31.4
2.462616000,192.168.1.59
2.462616000,192.168.1.59
2.462616000,192.168.1.59
2.462616000,192.168.1.59
2.462645000,192.168.1.59
2.463987000,200.236.31.4
2.463991000,200.236.31.4
2.464024000,200.236.31.4
2.464066000,200.236.31.4
2.464067000,200.236.31.4
2.464105000,200.236.31.4
2.464148000,200.236.31.4
2.464157000,192.168.1.59
2.464158000,192.168.1.59
2.464158000,192.168.1.59
2.464189000,192.168.1.59
2.464272000,192.168.1.59
2.465704000,200.236.31.4
2.465709000,200.236.31.4
2.465710000,200.236.31.4
2.465773000,192.168.1.59
2.465794000,192.168.1.59
2.576778000,200.236.31.4
2.576789000,200.236.31.4
2.576949000,192.168.1.59
2.576991000,192.168.1.59
2.680008000,200.236.31.4
2.752985000,200.236.31.4
2.752995000,200.236.31.4
2.752998000,200.236.31.4
2.753000000,200.236.31.4
2.753182000,192.168.1.59
2.753183000,192.168.1.59
2.753240000,192.168.1.59
2.754712000,200.236.31.4
2.754719000,200.236.31.4
2.754721000,200.236.31.4
2.754723000,200.236.31.4
2.754771000,200.236.31.4
2.754775000,200.236.31.4
2.754777000,200.236.31.4
2.754821000,200.236.31.4
2.754876000,200.236.31.4
2.754882000,200.236.31.4
2.754907000,192.168.1.59
2.754908000,192.168.1.59
2.754977000,192.168.1.59
2.754977000,192.168.1.59
2.755004000,192.168.1.59
2.755032000,192.168.1.59
2.755174000,200.236.31.4
2.755179000,200.236.31.4
2.755181000,200.236.31.4
2.755182000,200.236.31.4
2.755184000,200.236.31.4
2.755185000,200.236.31.4
2.755187000,200.236.31.4
2.755188000,200.236.31.4
2.755204000,192.168.1.59
2.755239000,192.168.1.59
2.755244000,192.168.1.59
2.755266000,192.168.1.59
2.755290000,192.168.1.59
2.755299000,192.168.1.59
2.756528000,200.236.31.4
2.756531000,200.236.31.4
2.756570000,200.236.31.4
2.756571000,200.236.31.4
2.756612000,200.236.31.4
2.756651000,200.236.31.4
2.756705000,200.236.31.4
2.756709000,200.236.31.4
2.756755000,192.168.1.59
2.756755000,192.168.1.59
2.756756000,192.168.1.59
2.756756000,192.168.1.59
2.756784000,192.168.1.59
2.758273000,200.236.31.4
2.758276000,200.236.31.4
2.758278000,200.236.31.4
2.758320000,200.236.31.4
2.758321000,200.236.31.4
2.758322000,200.236.31.4
2.758386000,200.236.31.4
2.758393000,200.236.31.4
2.758441000,192.168.1.59
2.758442000,192.168.1.59
2.758442000,192.168.1.59
2.758442000,192.168.1.59
2.760155000,200.236.31.4
2.760162000,200.236.31.4
2.760261000,192.168.1.59
2.760334000,192.168.1.59
2.870382000,200.236.31.4
2.870394000,200.236.31.4
2.870397000,200.236.31.4
2.870399000,200.236.31.4
2.870569000,192.168.1.59
2.870618000,192.168.1.59
2.870679000,192.168.1.59
3.046854000,200.236.31.4
3.046864000,200.236.31.4
3.046866000,200.236.31.4
3.046868000,200.236.31.4
3.046871000,200.236.31.4
3.046873000,200.236.31.4
3.047084000,192.168.1.59
3.047085000,192.168.1.59
3.047153000,192.168.1.59
3.047211000,192.168.1.59
3.048965000,200.236.31.4
3.048972000,200.236.31.4
3.048974000,200.236.31.4
3.048976000,200.236.31.4
3.048977000,200.236.31.4
3.049027000,200.236.31.4
3.049104000,192.168.1.59
3.049149000,192.168.1.59
3.049149000,192.168.1.59
3.049236000,192.168.1.59
3.050802000,200.236.31.4
3.050808000,200.236.31.4
3.050810000,200.236.31.4
3.050811000,200.236.31.4
3.050812000,200.236.31.4
3.050813000,200.236.31.4
3.050860000,200.236.31.4
3.050864000,200.236.31.4
3.050865000,200.236.31.4
3.050905000,200.236.31.4
3.050966000,200.236.31.4
3.050973000,200.236.31.4
3.050997000,192.168.1.59
3.050999000,192.168.1.59
3.050999000,192.168.1.59
3.051087000,192.168.1.59
3.051108000,192.168.1.59
3.051139000,192.168.1.59
3.051277000,200.236.31.4
3.051283000,200.236.31.4
3.051285000,200.236.31.4
3.051286000,200.236.31.4
3.051288000,200.236.31.4
3.051290000,200.236.31.4
3.051305000,192.168.1.59
3.051361000,192.168.1.59
3.051361000,192.168.1.59
3.051361000,192.168.1.59
3.051394000,192.168.1.59
3.052587000,200.236.31.4
3.052593000,200.236.31.4
3.052595000,200.236.31.4
3.052596000,200.236.31.4
3.052597000,200.236.31.4
3.052598000,200.236.31.4
3.052652000,200.236.31.4
3.052654000,200.236.31.4
3.052739000,192.168.1.59
3.052739000,192.168.1.59
3.052792000,192.168.1.59
3.052802000,192.168.1.59
3.052854000,192.168.1.59
3.054234000,200.236.31.4
3.054240000,200.236.31.4
3.054281000,200.236.31.4
3.054282000,200.236.31.4
3.054331000,192.168.1.59
3.054331000,192.168.1.59
3.054371000,192.168.1.59
3.164441000,200.236.31.4
3.164451000,200.236.31.4
3.164454000,200.236.31.4
3.164456000,200.236.31.4
3.164458000,200.236.31.4
3.164632000,192.168.1.59
3.164633000,192.168.1.59
3.164739000,192.168.1.59
3.340839000,200.236.31.4
3.340850000,200.236.31.4
3.340852000,200.236.31.4
3.340854000,200.236.31.4
3.340856000,200.236.31.4
3.340859000,200.236.31.4
3.340949000,200.236.31.4
3.340963000,200.236.31.4
3.341051000,192.168.1.59
3.341051000,192.168.1.59
3.341105000,192.168.1.59
3.341115000,192.168.1.59
3.341128000,192.168.1.59
3.342850000,200.236.31.4
3.342856000,200.236.31.4
3.342894000,200.236.31.4
3.342895000,200.236.31.4
3.342953000,192.168.1.59
3.342961000,192.168.1.59
3.342999000,192.168.1.59
3.344442000,200.236.31.4
3.344446000,200.236.31.4
3.344479000,200.236.31.4
3.344522000,200.236.31.4
3.344523000,200.236.31.4
3.344560000,200.236.31.4
3.344603000,200.236.31.4
3.344650000,200.236.31.4
3.344654000,200.236.31.4
3.344687000,200.236.31.4
3.344722000,200.236.31.4
3.344757000,200.236.31.4
3.344795000,200.236.31.4
3.344796000,200.236.31.4
3.344830000,200.236.31.4
3.344846000,192.168.1.59
3.344846000,192.168.1.59
3.344846000,192.168.1.59
3.344847000,192.168.1.59
3.344847000,192.168.1.59
3.344847000,192.168.1.59
3.344848000,192.168.1.59
3.344848000,192.168.1.59
3.344887000,192.168.1.59
3.344935000,200.236.31.4
3.346051000,200.236.31.4
3.346054000,200.236.31.4
3.346086000,200.236.31.4
3.346130000,200.236.31.4
3.346134000,200.236.31.4
3.346143000,192.168.1.59
3.346171000,192.168.1.59
3.346172000,192.168.1.59
3.346172000,192.168.1.59
3.346251000,200.236.31.4
3.346254000,200.236.31.4
3.346296000,192.168.1.59
3.346355000,192.168.1.59
3.347710000,200.236.31.4
3.347714000,200.236.31.4
3.347715000,200.236.31.4
3.347754000,200.236.31.4
3.347757000,200.236.31.4
3.347758000,200.236.31.4
3.347793000,200.236.31.4
3.347805000,192.168.1.59
3.347824000,192.168.1.59
3.347825000,192.168.1.59
3.347871000,192.168.1.59
3.349268000,200.236.31.4
3.349277000,200.236.31.4
3.349401000,192.168.1.59
3.349434000,192.168.1.59
3.458467000,200.236.31.4
3.458477000,200.236.31.4
3.458480000,200.236.31.4
3.458482000,200.236.31.4
3.458484000,200.236.31.4
3.458658000,192.168.1.59
3.458658000,192.168.1.59
3.458718000,192.168.1.59
3.634661000,200.236.31.4
3.634673000,200.236.31.4
3.634846000,192.168.1.59
3.636668000,200.236.31.4
3.636674000,200.236.31.4
3.636675000,200.236.31.4
3.636676000,200.236.31.4
3.636678000,200.236.31.4
3.636679000,200.236.31.4
3.636730000,200.236.31.4
3.636734000,200.236.31.4
3.636735000,200.236.31.4
3.636790000,200.236.31.4
3.636793000,200.236.31.4
3.636854000,200.236.31.4
3.636934000,200.236.31.4
3.636948000,200.236.31.4
3.636950000,200.236.31.4
3.637027000,200.236.31.4
3.637032000,200.236.31.4
3.637052000,192.168.1.59
3.637052000,192.168.1.59
3.637052000,192.168.1.59
3.637052000,192.168.1.59
3.637052000,192.168.1.59
3.637053000,192.168.1.59
3.637053000,192.168.1.59
3.637053000,192.168.1.59
3.637053000,192.168.1.59
3.637101000,192.168.1.59
3.637188000,192.168.1.59
3.638170000,200.236.31.4
3.638177000,200.236.31.4
3.638179000,200.236.31.4
3.638181000,200.236.31.4
3.638238000,200.236.31.4
3.638240000,200.236.31.4
3.638245000,200.236.31.4
3.638320000,192.168.1.59
3.638337000,192.168.1.59
3.638373000,192.168.1.59
3.638493000,192.168.1.59
3.639697000,200.236.31.4
3.639702000,200.236.31.4
3.639738000,200.236.31.4
3.639739000,200.236.31.4
3.639772000,200.236.31.4
3.639819000,200.236.31.4
3.639822000,200.236.31.4
3.639857000,200.236.31.4
3.639902000,192.168.1.59
3.639903000,192.168.1.59
3.639903000,192.168.1.59
3.639903000,192.168.1.59
3.641751000,200.236.31.4
3.641761000,200.236.31.4
3.641762000,200.236.31.4
3.641763000,200.236.31.4
3.641764000,200.236.31.4
3.641765000,200.236.31.4
3.641820000,200.236.31.4
3.641911000,192.168.1.59
3.641912000,192.168.1.59
3.641962000,192.168.1.59
3.641974000,192.168.1.59
3.643436000,200.236.31.4
3.643443000,200.236.31.4
3.643444000,200.236.31.4
3.643446000,200.236.31.4
3.643447000,200.236.31.4
3.643575000,192.168.1.59
3.643576000,192.168.1.59
3.643576000,192.168.1.59
3.643684000,192.168.1.59
3.752281000,200.236.31.4
3.752292000,200.236.31.4
3.752294000,200.236.31.4
3.752297000,200.236.31.4
3.752299000,200.236.31.4
3.752481000,192.168.1.59
3.752482000,192.168.1.59
3.752537000,192.168.1.59
3.752597000,192.168.1.59
3.753932000,200.236.31.4
3.855703000,192.168.1.59
3.928469000,200.236.31.4
3.928480000,200.236.31.4
3.928641000,192.168.1.59
3.930872000,200.236.31.4
3.930879000,200.236.31.4
3.930880000,200.236.31.4
3.930881000,200.236.31.4
3.930883000,200.236.31.4
3.930884000,200.236.31.4
3.930938000,200.236.31.4
3.930942000,200.236.31.4
3.930944000,200.236.31.4
3.931005000,200.236.31.4
3.931031000,192.168.1.59
3.931095000,192.168.1.59
3.931096000,192.168.1.59
3.931121000,192.168.1.59
3.931123000,192.168.1.59
3.931146000,192.168.1.59
3.932543000,200.236.31.4
3.932549000,200.236.31.4
3.932551000,200.236.31.4
3.932552000,200.236.31.4
3.932599000,200.236.31.4
3.932604000,200.236.31.4
3.932606000,200.236.31.4
3.932659000,200.236.31.4
3.932665000,200.236.31.4
3.932736000,200.236.31.4
3.932743000,200.236.31.4
3.932825000,200.236.31.4
3.932861000,192.168.1.59
3.932862000,192.168.1.59
3.932862000,192.168.1.59
3.932863000,192.168.1.59
3.932863000,192.168.1.59
3.932919000,192.168.1.59
3.934011000,200.236.31.4
3.934014000,200.236.31.4
3.934051000,200.236.31.4
3.934052000,200.236.31.4
3.934092000,200.236.31.4
3.934101000,192.168.1.59
3.934120000,192.168.1.59
3.934128000,192.168.1.59
3.934142000,192.168.1.59
3.934201000,200.236.31.4
3.934205000,200.236.31.4
3.934206000,200.236.31.4
3.934267000,192.168.1.59
3.934273000,192.168.1.59
3.935770000,200.236.31.4
3.935774000,200.236.31.4
3.935775000,200.236.31.4
3.935811000,200.236.31.4
3.935812000,200.236.31.4
3.935863000,200.236.31.4
3.935866000,200.236.31.4
3.935874000,192.168.1.59
3.935875000,192.168.1.59
3.935903000,192.168.1.59
3.935961000,192.168.1.59
3.937423000,200.236.31.4
3.937429000,200.236.31.4
3.937430000,200.236.31.4
3.937432000,200.236.31.4
3.937487000,200.236.31.4
3.937489000,200.236.31.4
3.937490000,200.236.31.4
3.937569000,192.168.1.59
3.937611000,192.168.1.59
3.937612000,192.168.1.59
3.937734000,192.168.1.59
3.938908000,200.236.31.4
4.040759000,192.168.1.59
4.046230000,200.236.31.4
4.046240000,200.236.31.4
4.046242000,200.236.31.4
4.046244000,200.236.31.4
4.046247000,200.236.31.4
4.046249000,200.236.31.4
4.046472000,192.168.1.59
4.046472000,192.168.1.59
4.046472000,192.168.1.59
4.046530000,192.168.1.59
4.149302000,200.236.31.4
4.222151000,200.236.31.4
4.222157000,200.236.31.4
4.222240000,192.168.1.59
4.224590000,200.236.31.4
4.224595000,200.236.31.4
4.224596000,200.236.31.4
4.224597000,200.236.31.4
4.224645000,200.236.31.4
4.224647000,200.236.31.4
4.224679000,192.168.1.59
4.224679000,192.168.1.59
4.224713000,192.168.1.59
4.224713000,192.168.1.59
4.224805000,192.168.1.59
4.227098000,200.236.31.4
4.227103000,200.236.31.4
4.227104000,200.236.31.4
4.227140000,200.236.31.4
4.227181000,200.236.31.4
4.227184000,200.236.31.4
4.227222000,200.236.31.4
4.227260000,200.236.31.4
4.227297000,200.236.31.4
4.227339000,200.236.31.4
4.227345000,200.236.31.4
4.227381000,200.236.31.4
4.227420000,200.236.31.4
4.227464000,200.236.31.4
4.227469000,200.236.31.4
4.227506000,200.236.31.4
4.227553000,200.236.31.4
4.227557000,200.236.31.4
4.227606000,192.168.1.59
4.227606000,192.168.1.59
4.227607000,192.168.1.59
4.227607000,192.168.1.59
4.227607000,192.168.1.59
4.227607000,192.168.1.59
4.227607000,192.168.1.59
4.227607000,192.168.1.59
4.227608000,192.168.1.59
4.227608000,192.168.1.59
4.227608000,192.168.1.59
4.227608000,192.168.1.59
4.227608000,192.168.1.59
4.228275000,200.236.31.4
4.228279000,200.236.31.4
4.228280000,200.236.31.4
4.228315000,200.236.31.4
4.228328000,192.168.1.59
4.228384000,200.236.31.4
4.228389000,200.236.31.4
4.228428000,200.236.31.4
4.228440000,192.168.1.59
4.228440000,192.168.1.59
4.228441000,192.168.1.59
4.228441000,192.168.1.59
4.229703000,200.236.31.4
4.229706000,200.236.31.4
4.229754000,200.236.31.4
4.229755000,200.236.31.4
4.229846000,200.236.31.4
4.229849000,200.236.31.4
4.229859000,192.168.1.59
4.229859000,192.168.1.59
4.229859000,192.168.1.59
4.229859000,192.168.1.59
4.229890000,192.168.1.59
4.229942000,200.236.31.4
4.229951000,192.168.1.59
4.231361000,200.236.31.4
4.231365000,200.236.31.4
4.231366000,200.236.31.4
4.231401000,200.236.31.4
4.231412000,192.168.1.59
4.231430000,192.168.1.59
4.231493000,200.236.31.4
4.231498000,200.236.31.4
4.231500000,200.236.31.4
4.231540000,192.168.1.59
4.231540000,192.168.1.59
4.231578000,192.168.1.59
4.232946000,200.236.31.4
4.334563000,200.236.31.4
4.334576000,200.236.31.4
4.334611000,192.168.1.59
4.334754000,192.168.1.59
4.334846000,192.168.1.59
4.340121000,200.236.31.4
4.340131000,200.236.31.4
4.340134000,200.236.31.4
4.340137000,200.236.31.4
4.340305000,192.168.1.59
4.340306000,192.168.1.59
4.340356000,192.168.1.59
4.341759000,200.236.31.4
4.341766000,200.236.31.4
4.341864000,192.168.1.59
4.341905000,192.168.1.59
4.515909000,200.236.31.4
4.516167000,200.236.31.4
4.516216000,192.168.1.59
4.518071000,200.236.31.4
4.518078000,200.236.31.4
4.518079000,200.236.31.4
4.518080000,200.236.31.4
4.518181000,192.168.1.59
4.518228000,192.168.1.59
4.518297000,192.168.1.59
4.519891000,200.236.31.4
4.519900000,200.236.31.4
4.519902000,200.236.31.4
4.519903000,200.236.31.4
4.519904000,200.236.31.4
4.519905000,200.236.31.4
4.520048000,192.168.1.59
4.520048000,192.168.1.59
4.520049000,192.168.1.59
4.520106000,192.168.1.59
4.521755000,200.236.31.4
4.521759000,200.236.31.4
4.521798000,200.236.31.4
4.521799000,200.236.31.4
4.521831000,200.236.31.4
4.521874000,200.236.31.4
4.521876000,200.236.31.4
4.521909000,200.236.31.4
4.521946000,200.236.31.4
4.521963000,192.168.1.59
4.521963000,192.168.1.59
4.521963000,192.168.1.59
4.521964000,192.168.1.59
4.521964000,192.168.1.59
4.522041000,200.236.31.4
4.522045000,200.236.31.4
4.522046000,200.236.31.4
4.522081000,200.236.31.4
4.522114000,192.168.1.59
4.522147000,192.168.1.59
4.523904000,200.236.31.4
4.523910000,200.236.31.4
4.523912000,200.236.31.4
4.523914000,200.236.31.4
4.523915000,200.236.31.4
4.523916000,200.236.31.4
4.523968000,200.236.31.4
4.523970000,200.236.31.4
4.523971000,200.236.31.4
4.524012000,200.236.31.4
4.524067000,200.236.31.4
4.524070000,200.236.31.4
4.524144000,200.236.31.4
4.524182000,192.168.1.59
4.525438000,200.236.31.4
4.525445000,200.236.31.4
4.525446000,200.236.31.4
4.525448000,200.236.31.4
4.525508000,200.236.31.4
4.525510000,200.236.31.4
4.525515000,200.236.31.4
4.525594000,192.168.1.59
4.527112000,200.236.31.4
4.527119000,200.236.31.4
4.527120000,200.236.31.4
4.527122000,200.236.31.4
4.527228000,192.168.1.59
4.628436000,200.236.31.4
4.628449000,200.236.31.4
4.628451000,200.236.31.4
4.628453000,200.236.31.4
4.628525000,192.168.1.59
4.628575000,192.168.1.59
4.628627000,192.168.1.59
4.628729000,192.168.1.59
4.634654000,200.236.31.4
4.634661000,200.236.31.4
4.634662000,200.236.31.4
4.634664000,200.236.31.4
4.634666000,200.236.31.4
4.634667000,200.236.31.4
4.634669000,200.236.31.4
4.634798000,192.168.1.59
4.634799000,192.168.1.59
4.634852000,192.168.1.59
4.634918000,192.168.1.59
4.809944000,200.236.31.4
4.810187000,192.168.1.59
4.811892000,200.236.31.4
4.811901000,200.236.31.4
4.811903000,200.236.31.4
4.811904000,200.236.31.4
4.811905000,200.236.31.4
4.811906000,200.236.31.4
4.812031000,192.168.1.59
4.812032000,192.168.1.59
4.812085000,192.168.1.59
4.812141000,192.168.1.59
4.813718000,200.236.31.4
4.813724000,200.236.31.4
4.813726000,200.236.31.4
4.813727000,200.236.31.4
4.813728000,200.236.31.4
4.813870000,192.168.1.59
4.813871000,192.168.1.59
4.813925000,192.168.1.59
4.815439000,200.236.31.4
4.815446000,200.236.31.4
4.815448000,200.236.31.4
4.815449000,200.236.31.4
4.815515000,200.236.31.4
4.815517000,200.236.31.4
4.815604000,192.168.1.59
4.815605000,192.168.1.59
4.815657000,192.168.1.59
4.815666000,192.168.1.59
4.817039000,200.236.31.4
4.817045000,200.236.31.4
4.817047000,200.236.31.4
4.817048000,200.236.31.4
4.817096000,200.236.31.4
4.817101000,200.236.31.4
4.817103000,200.236.31.4
4.817160000,200.236.31.4
4.817163000,200.236.31.4
4.817240000,200.236.31.4
4.817245000,200.236.31.4
4.817329000,200.236.31.4
4.817338000,200.236.31.4
4.817341000,200.236.31.4
4.817434000,200.236.31.4
4.817448000,200.236.31.4
4.817487000,192.168.1.59
4.817487000,192.168.1.59
4.817488000,192.168.1.59
4.817488000,192.168.1.59
4.817488000,192.168.1.59
4.817488000,192.168.1.59
4.817489000,192.168.1.59
4.817489000,192.168.1.59
4.817489000,192.168.1.59
4.817635000,192.168.1.59
4.819287000,200.236.31.4
4.819294000,200.236.31.4
4.819295000,200.236.31.4
4.819296000,200.236.31.4
4.819298000,200.236.31.4
4.819299000,200.236.31.4
4.819362000,200.236.31.4
4.819364000,200.236.31.4
4.819440000,192.168.1.59
4.819487000,192.168.1.59
4.819488000,192.168.1.59
4.819488000,192.168.1.59
4.819571000,192.168.1.59
4.820943000,200.236.31.4
4.820948000,200.236.31.4
4.820988000,200.236.31.4
4.820991000,200.236.31.4
4.821029000,200.236.31.4
4.821080000,200.236.31.4
4.821086000,200.236.31.4
4.821132000,200.236.31.4
4.821150000,192.168.1.59
4.821150000,192.168.1.59
4.821150000,192.168.1.59
4.821151000,192.168.1.59
4.821226000,192.168.1.59
4.922153000,200.236.31.4
4.922177000,200.236.31.4
4.922199000,200.236.31.4
4.922382000,192.168.1.59
4.922468000,192.168.1.59
4.923775000,200.236.31.4
4.923781000,200.236.31.4
4.923904000,192.168.1.59
4.923947000,192.168.1.59
4.928534000,200.236.31.4
4.928543000,200.236.31.4
4.928545000,200.236.31.4
4.928547000,200.236.31.4
4.928548000,200.236.31.4
4.928549000,200.236.31.4
4.928608000,200.236.31.4
4.928609000,200.236.31.4
4.928699000,192.168.1.59
4.928699000,192.168.1.59
4.928700000,192.168.1.59
4.928755000,192.168.1.59
4.928764000,192.168.1.59
5.104172000,200.236.31.4
5.104182000,200.236.31.4
5.104185000,200.236.31.4
5.104361000,192.168.1.59
5.106133000,200.236.31.4
5.106139000,200.236.31.4
5.106141000,200.236.31.4
5.106142000,200.236.31.4
5.106243000,192.168.1.59
5.106292000,192.168.1.59
5.106358000,192.168.1.59
5.107593000,200.236.31.4
5.107600000,200.236.31.4
5.107643000,200.236.31.4
5.107645000,200.236.31.4
5.107698000,200.236.31.4
5.107704000,200.236.31.4
5.107751000,200.236.31.4
5.107753000,200.236.31.4
5.107806000,192.168.1.59
5.107807000,192.168.1.59
5.107807000,192.168.1.59
5.107807000,192.168.1.59
5.107846000,192.168.1.59
5.109436000,200.236.31.4
5.109440000,200.236.31.4
5.109441000,200.236.31.4
5.109442000,200.236.31.4
5.109484000,200.236.31.4
5.109485000,200.236.31.4
5.109546000,192.168.1.59
5.109546000,192.168.1.59
5.109546000,192.168.1.59
5.109579000,192.168.1.59
5.111330000,200.236.31.4
5.111336000,200.236.31.4
5.111338000,200.236.31.4
5.111339000,200.236.31.4
5.111340000,200.236.31.4
5.111342000,200.236.31.4
5.111395000,200.236.31.4
5.111397000,200.236.31.4
5.111399000,200.236.31.4
5.111460000,200.236.31.4
5.111463000,200.236.31.4
5.111543000,200.236.31.4
5.111549000,200.236.31.4
5.111649000,200.236.31.4
5.111662000,200.236.31.4
5.111664000,200.236.31.4
5.111729000,192.168.1.59
5.111729000,192.168.1.59
5.111730000,192.168.1.59
5.111730000,192.168.1.59
5.111730000,192.168.1.59
5.111730000,192.168.1.59
5.111730000,192.168.1.59
5.111731000,192.168.1.59
5.111731000,192.168.1.59
5.111831000,192.168.1.59
5.113100000,200.236.31.4
5.113107000,200.236.31.4
5.113161000,200.236.31.4
5.113163000,200.236.31.4
5.113164000,200.236.31.4
5.113207000,200.236.31.4
5.113223000,192.168.1.59
5.113247000,192.168.1.59
5.113247000,192.168.1.59
5.113279000,192.168.1.59
5.114570000,200.236.31.4
5.114573000,200.236.31.4
5.114607000,200.236.31.4
5.114652000,200.236.31.4
5.114654000,200.236.31.4
5.114691000,200.236.31.4
5.114747000,200.236.31.4
5.114752000,200.236.31.4
5.114795000,192.168.1.59
5.114796000,192.168.1.59
5.114796000,192.168.1.59
5.114796000,192.168.1.59
5.114857000,192.168.1.59
5.215886000,200.236.31.4
5.215890000,200.236.31.4
5.215891000,200.236.31.4
5.215940000,200.236.31.4
5.215944000,200.236.31.4
5.215946000,200.236.31.4
5.215997000,192.168.1.59
5.215997000,192.168.1.59
5.215997000,192.168.1.59
5.216032000,192.168.1.59
5.222443000,200.236.31.4
5.222447000,200.236.31.4
5.222448000,200.236.31.4
5.222489000,200.236.31.4
5.222491000,200.236.31.4
5.222526000,200.236.31.4
5.222569000,200.236.31.4
5.222571000,200.236.31.4
5.222627000,200.236.31.4
5.222647000,192.168.1.59
5.222647000,192.168.1.59
5.222647000,192.168.1.59
5.222648000,192.168.1.59
5.222688000,192.168.1.59
5.222754000,192.168.1.59
5.398171000,200.236.31.4
5.398182000,200.236.31.4
5.398336000,192.168.1.59
5.399942000,200.236.31.4
5.399951000,200.236.31.4
5.399952000,200.236.31.4
5.399954000,200.236.31.4
5.399955000,200.236.31.4
5.400009000,200.236.31.4
5.400080000,192.168.1.59
5.400124000,192.168.1.59
5.400125000,192.168.1.59
5.400208000,192.168.1.59
5.401736000,200.236.31.4
5.401743000,200.236.31.4
5.401744000,200.236.31.4
5.401745000,200.236.31.4
5.401747000,200.236.31.4
5.401749000,200.236.31.4
5.401798000,200.236.31.4
5.401803000,200.236.31.4
5.401804000,200.236.31.4
5.401854000,200.236.31.4
5.401861000,200.236.31.4
5.401933000,200.236.31.4
5.401974000,192.168.1.59
5.401975000,192.168.1.59
5.401975000,192.168.1.59
5.402051000,192.168.1.59
5.402051000,192.168.1.59
5.402051000,192.168.1.59
5.402052000,192.168.1.59
5.402221000,192.168.1.59
5.403747000,200.236.31.4
5.403754000,200.236.31.4
5.403756000,200.236.31.4
5.403757000,200.236.31.4
5.403862000,192.168.1.59
5.403910000,192.168.1.59
5.403974000,192.168.1.59
5.405562000,200.236.31.4
5.405568000,200.236.31.4
5.405570000,200.236.31.4
5.405571000,200.236.31.4
5.405572000,200.236.31.4
5.405573000,200.236.31.4
5.405634000,200.236.31.4
5.405639000,200.236.31.4
5.405645000,200.236.31.4
5.405707000,200.236.31.4
5.405713000,200.236.31.4
5.405786000,200.236.31.4
5.405826000,192.168.1.59
5.405827000,192.168.1.59
5.405828000,192.168.1.59
5.405828000,192.168.1.59
5.405906000,192.168.1.59
5.405906000,192.168.1.59
5.405915000,192.168.1.59
5.406039000,192.168.1.59
5.407009000,200.236.31.4
5.407014000,200.236.31.4
5.407050000,200.236.31.4
5.407051000,200.236.31.4
5.407084000,200.236.31.4
5.407136000,200.236.31.4
5.407143000,200.236.31.4
5.407183000,200.236.31.4
5.407233000,200.236.31.4
5.407238000,200.236.31.4
5.407274000,200.236.31.4
5.407316000,200.236.31.4
5.407327000,192.168.1.59
5.407328000,192.168.1.59
5.407328000,192.168.1.59
5.407328000,192.168.1.59
5.407328000,192.168.1.59
5.407328000,192.168.1.59
5.407357000,192.168.1.59
5.407406000,192.168.1.59
5.408775000,200.236.31.4
5.408778000,200.236.31.4
5.408813000,200.236.31.4
5.408855000,200.236.31.4
5.408870000,192.168.1.59
5.408899000,192.168.1.59
5.408899000,192.168.1.59
5.509849000,200.236.31.4
5.509860000,200.236.31.4
5.509863000,200.236.31.4
5.509866000,200.236.31.4
5.509868000,200.236.31.4
5.509871000,200.236.31.4
5.509977000,200.236.31.4
5.509980000,200.236.31.4
5.510052000,192.168.1.59
5.510109000,192.168.1.59
5.510110000,192.168.1.59
5.510110000,192.168.1.59
5.510235000,192.168.1.59
5.516380000,200.236.31.4
5.516391000,200.236.31.4
5.516393000,200.236.31.4
5.516396000,200.236.31.4
5.516398000,200.236.31.4
5.516578000,192.168.1.59
5.516579000,192.168.1.59
5.516723000,192.168.1.59
5.517999000,200.236.31.4
5.518005000,200.236.31.4
5.518046000,200.236.31.4
5.518047000,200.236.31.4
5.518110000,192.168.1.59
5.518140000,192.168.1.59
5.518140000,192.168.1.59
5.692244000,200.236.31.4
5.692262000,200.236.31.4
5.692267000,200.236.31.4
5.692271000,200.236.31.4
5.692457000,192.168.1.59
5.692542000,192.168.1.59
5.692543000,192.168.1.59
5.694020000,200.236.31.4
5.694027000,200.236.31.4
5.694029000,200.236.31.4
5.694080000,200.236.31.4
5.694107000,192.168.1.59
5.694135000,192.168.1.59
5.695627000,200.236.31.4
5.695632000,200.236.31.4
5.695680000,200.236.31.4
5.695684000,200.236.31.4
5.695722000,200.236.31.4
5.695770000,200.236.31.4
5.695776000,200.236.31.4
5.695817000,200.236.31.4
5.695862000,200.236.31.4
5.695868000,200.236.31.4
5.695911000,200.236.31.4
5.695958000,200.236.31.4
5.695964000,200.236.31.4
5.696017000,200.236.31.4
5.696033000,192.168.1.59
5.696034000,192.168.1.59
5.696034000,192.168.1.59
5.696034000,192.168.1.59
5.696035000,192.168.1.59
5.696035000,192.168.1.59
5.696035000,192.168.1.59
5.696035000,192.168.1.59
5.696085000,192.168.1.59
5.696085000,192.168.1.59
5.697434000,200.236.31.4
5.697440000,200.236.31.4
5.697487000,200.236.31.4
5.697491000,200.236.31.4
5.697511000,192.168.1.59
5.697539000,192.168.1.59
5.697540000,192.168.1.59
5.699236000,200.236.31.4
5.699240000,200.236.31.4
5.699241000,200.236.31.4
5.699285000,200.236.31.4
5.699290000,200.236.31.4
5.699326000,200.236.31.4
5.699369000,200.236.31.4
5.699411000,200.236.31.4
5.699416000,200.236.31.4
5.699454000,200.236.31.4
5.699499000,200.236.31.4
5.699502000,200.236.31.4
5.699545000,200.236.31.4
5.699600000,192.168.1.59
5.699600000,192.168.1.59
5.699601000,192.168.1.59
5.699601000,192.168.1.59
5.699601000,192.168.1.59
5.699601000,192.168.1.59
5.699602000,192.168.1.59
5.699602000,192.168.1.59
5.700994000,200.236.31.4
5.701000000,200.236.31.4
5.701042000,200.236.31.4
5.701044000,200.236.31.4
5.701085000,200.236.31.4
5.701101000,192.168.1.59
5.701101000,192.168.1.59
5.701133000,192.168.1.59
5.701147000,192.168.1.59
5.701220000,200.236.31.4
5.701228000,200.236.31.4
5.701231000,200.236.31.4
5.701233000,200.236.31.4
5.701277000,200.236.31.4
5.701294000,192.168.1.59
5.701295000,192.168.1.59
5.701309000,192.168.1.59
5.702828000,200.236.31.4
5.702833000,200.236.31.4
5.702874000,200.236.31.4
5.702876000,200.236.31.4
5.702916000,200.236.31.4
5.702962000,200.236.31.4
5.702979000,192.168.1.59
5.702979000,192.168.1.59
5.702980000,192.168.1.59
5.702980000,192.168.1.59
5.703061000,192.168.1.59
5.804431000,200.236.31.4
5.804441000,200.236.31.4
5.804443000,200.236.31.4
5.804446000,200.236.31.4
5.804447000,200.236.31.4
5.804450000,200.236.31.4
5.804538000,200.236.31.4
5.804550000,200.236.31.4
5.804636000,192.168.1.59
5.804638000,192.168.1.59
5.804689000,192.168.1.59
5.804739000,192.168.1.59
5.804765000,192.168.1.59
5.810021000,200.236.31.4
5.810031000,200.236.31.4
5.810033000,200.236.31.4
5.810035000,200.236.31.4
5.810037000,200.236.31.4
5.810039000,200.236.31.4
5.810141000,200.236.31.4
5.810144000,200.236.31.4
5.810302000,192.168.1.59
5.810303000,192.168.1.59
5.810366000,192.168.1.59
5.810367000,192.168.1.59
5.810440000,192.168.1.59
5.812172000,200.236.31.4
5.812179000,200.236.31.4
5.812287000,192.168.1.59
5.812332000,192.168.1.59
5.986035000,200.236.31.4
5.986045000,200.236.31.4
5.986048000,200.236.31.4
5.986050000,200.236.31.4
5.986052000,200.236.31.4
5.986054000,200.236.31.4
5.986256000,192.168.1.59
5.986300000,192.168.1.59
5.986319000,192.168.1.59
5.986357000,192.168.1.59
5.987985000,200.236.31.4
5.987994000,200.236.31.4
5.987996000,200.236.31.4
5.987997000,200.236.31.4
5.987998000,200.236.31.4
5.988138000,192.168.1.59
5.988138000,192.168.1.59
5.988189000,192.168.1.59
5.990191000,200.236.31.4
5.990198000,200.236.31.4
5.990200000,200.236.31.4
5.990201000,200.236.31.4
5.990202000,200.236.31.4
5.990204000,200.236.31.4
5.990256000,200.236.31.4
5.990258000,200.236.31.4
5.990259000,200.236.31.4
5.990315000,200.236.31.4
5.990318000,200.236.31.4
5.990380000,200.236.31.4
5.990460000,200.236.31.4
5.990473000,200.236.31.4
5.990477000,200.236.31.4
5.990551000,200.236.31.4
5.990576000,192.168.1.59
5.990576000,192.168.1.59
5.990577000,192.168.1.59
5.990577000,192.168.1.59
5.990577000,192.168.1.59
5.990578000,192.168.1.59
5.990578000,192.168.1.59
5.990578000,192.168.1.59
5.990624000,192.168.1.59
5.990783000,192.168.1.59
6.001948000,200.236.31.4
6.001959000,200.236.31.4
6.001961000,200.236.31.4
6.001963000,200.236.31.4
6.002159000,200.236.31.4
6.002168000,200.236.31.4
6.002233000,200.236.31.4
6.002236000,200.236.31.4
6.002239000,200.236.31.4
6.002293000,200.236.31.4
6.002295000,200.236.31.4
6.002345000,200.236.31.4
6.002349000,200.236.31.4
6.002387000,200.236.31.4
6.002425000,200.236.31.4
6.002444000,192.168.1.59
6.002445000,192.168.1.59
6.002445000,192.168.1.59
6.002445000,192.168.1.59
6.002445000,192.168.1.59
6.002445000,192.168.1.59
6.002446000,192.168.1.59
6.002446000,192.168.1.59
6.002488000,192.168.1.59
6.002538000,200.236.31.4
6.002783000,200.236.31.4
6.002786000,200.236.31.4
6.002864000,200.236.31.4
6.002869000,200.236.31.4
6.002872000,200.236.31.4
6.002918000,200.236.31.4
6.002922000,200.236.31.4
6.002963000,200.236.31.4
6.002981000,192.168.1.59
6.002982000,192.168.1.59
6.002982000,192.168.1.59
6.002982000,192.168.1.59
6.002982000,192.168.1.59
6.003002000,192.168.1.59
6.003061000,200.236.31.4
6.003064000,200.236.31.4
6.003067000,200.236.31.4
6.003106000,200.236.31.4
6.003108000,200.236.31.4
6.003119000,192.168.1.59
6.003120000,192.168.1.59
6.003135000,192.168.1.59
6.003142000,192.168.1.59
6.003211000,200.236.31.4
6.003214000,200.236.31.4
6.003217000,200.236.31.4
6.003250000,192.168.1.59
6.003278000,192.168.1.59
6.003535000,200.236.31.4
6.003538000,200.236.31.4
6.003572000,200.236.31.4
6.003582000,192.168.1.59
6.003596000,192.168.1.59
6.098455000,200.236.31.4
6.098465000,200.236.31.4
6.098468000,200.236.31.4
6.098470000,200.236.31.4
6.098473000,200.236.31.4
6.098475000,200.236.31.4
6.098693000,192.168.1.59
6.098694000,192.168.1.59
6.098764000,192.168.1.59
6.098764000,192.168.1.59
6.098950000,192.168.1.59
6.100012000,200.236.31.4
6.100019000,200.236.31.4
6.100108000,192.168.1.59
6.100150000,192.168.1.59
6.104085000,200.236.31.4
6.104094000,200.236.31.4
6.104096000,200.236.31.4
6.104098000,200.236.31.4
6.104099000,200.236.31.4
6.104101000,200.236.31.4
6.104103000,200.236.31.4
6.104104000,200.236.31.4
6.104216000,192.168.1.59
6.104262000,192.168.1.59
6.104262000,192.168.1.59
6.104263000,192.168.1.59
6.104374000,192.168.1.59
6.105898000,200.236.31.4
6.105902000,200.236.31.4
6.105904000,200.236.31.4
6.105961000,192.168.1.59
6.105986000,192.168.1.59
6.279871000,200.236.31.4
6.279882000,200.236.31.4
6.279884000,200.236.31.4
6.279886000,200.236.31.4
6.279888000,200.236.31.4
6.279971000,200.236.31.4
6.279978000,200.236.31.4
6.279981000,200.236.31.4
6.279984000,200.236.31.4
6.280064000,200.236.31.4
6.280102000,192.168.1.59
6.280102000,192.168.1.59
6.280179000,192.168.1.59
6.280199000,192.168.1.59
6.280229000,192.168.1.59
6.280288000,192.168.1.59
6.280566000,192.168.1.59
6.281849000,200.236.31.4
6.281855000,200.236.31.4
6.281936000,192.168.1.59
6.281959000,192.168.1.59
6.285050000,200.236.31.4
6.285057000,200.236.31.4
6.285157000,192.168.1.59
6.285199000,192.168.1.59
6.287004000,200.236.31.4
6.287010000,200.236.31.4
6.287012000,200.236.31.4
6.287013000,200.236.31.4
6.287015000,200.236.31.4
6.287016000,200.236.31.4
6.287062000,200.236.31.4
6.287067000,200.236.31.4
6.287068000,200.236.31.4
6.287123000,200.236.31.4
6.287130000,200.236.31.4
6.287205000,200.236.31.4
6.287212000,200.236.31.4
6.287300000,200.236.31.4
6.287306000,200.236.31.4
6.287343000,192.168.1.59
6.287345000,192.168.1.59
6.287345000,192.168.1.59
6.287345000,192.168.1.59
6.287346000,192.168.1.59
6.287390000,192.168.1.59
6.287390000,192.168.1.59
6.287390000,192.168.1.59
6.287540000,192.168.1.59
6.288499000,200.236.31.4
6.297257000,200.236.31.4
6.297266000,200.236.31.4
6.297268000,200.236.31.4
6.297271000,200.236.31.4
6.297273000,200.236.31.4
6.297275000,200.236.31.4
6.297378000,200.236.31.4
6.297381000,200.236.31.4
6.297383000,200.236.31.4
6.297386000,200.236.31.4
6.297387000,200.236.31.4
6.297462000,200.236.31.4
6.297469000,200.236.31.4
6.297473000,200.236.31.4
6.297566000,200.236.31.4
6.297570000,200.236.31.4
6.297606000,192.168.1.59
6.297607000,192.168.1.59
6.297607000,192.168.1.59
6.297607000,192.168.1.59
6.297608000,192.168.1.59
6.297715000,192.168.1.59
6.297717000,192.168.1.59
6.297718000,192.168.1.59
6.297718000,192.168.1.59
6.297934000,192.168.1.59
6.299034000,200.236.31.4
6.299040000,200.236.31.4
6.299042000,200.236.31.4
6.299043000,200.236.31.4
6.299044000,200.236.31.4
6.299101000,200.236.31.4
6.299104000,200.236.31.4
6.299190000,192.168.1.59
6.299191000,192.168.1.59
6.299245000,192.168.1.59
6.299316000,192.168.1.59
6.300417000,200.236.31.4
6.300421000,200.236.31.4
6.300456000,200.236.31.4
6.300459000,200.236.31.4
6.300491000,200.236.31.4
6.300566000,200.236.31.4
6.300571000,200.236.31.4
6.300626000,192.168.1.59
6.300627000,192.168.1.59
6.300627000,192.168.1.59
6.300628000,192.168.1.59
6.300682000,192.168.1.59
6.302148000,200.236.31.4
6.302151000,200.236.31.4
6.302184000,200.236.31.4
6.302228000,200.236.31.4
6.302229000,200.236.31.4
6.302268000,200.236.31.4
6.302326000,200.236.31.4
6.302338000,192.168.1.59
6.302339000,192.168.1.59
6.302339000,192.168.1.59
6.302339000,192.168.1.59
6.302367000,192.168.1.59
6.302398000,192.168.1.59
6.392470000,200.236.31.4
6.392480000,200.236.31.4
6.392483000,200.236.31.4
6.392484000,200.236.31.4
6.392487000,200.236.31.4
6.392489000,200.236.31.4
6.392592000,200.236.31.4
6.392596000,200.236.31.4
6.392703000,192.168.1.59
6.392788000,192.168.1.59
6.392789000,192.168.1.59
6.392834000,192.168.1.59
6.392855000,192.168.1.59
6.393091000,192.168.1.59
6.398260000,200.236.31.4
6.398272000,200.236.31.4
6.398275000,200.236.31.4
6.398278000,200.236.31.4
6.398282000,200.236.31.4
6.398284000,200.236.31.4
6.398386000,200.236.31.4
6.398389000,200.236.31.4
6.398391000,200.236.31.4
6.398393000,200.236.31.4
6.398394000,200.236.31.4
6.398465000,200.236.31.4
6.398469000,200.236.31.4
6.398495000,192.168.1.59
6.398496000,192.168.1.59
6.398576000,192.168.1.59
6.398577000,192.168.1.59
6.398615000,192.168.1.59
6.398643000,192.168.1.59
6.398668000,192.168.1.59
6.398706000,192.168.1.59
6.573494000,200.236.31.4
6.573504000,200.236.31.4
6.573506000,200.236.31.4
6.573508000,200.236.31.4
6.573511000,200.236.31.4
6.573513000,200.236.31.4
6.573717000,192.168.1.59
6.573717000,192.168.1.59
6.573772000,192.168.1.59
6.573781000,192.168.1.59
6.575053000,200.236.31.4
6.575058000,200.236.31.4
6.575059000,200.236.31.4
6.575060000,200.236.31.4
6.575102000,200.236.31.4
6.575103000,200.236.31.4
6.575104000,200.236.31.4
6.575155000,200.236.31.4
6.575168000,192.168.1.59
6.575168000,192.168.1.59
6.575168000,192.168.1.59
6.575194000,192.168.1.59
6.575215000,192.168.1.59
6.578500000,200.236.31.4
6.578507000,200.236.31.4
6.578616000,192.168.1.59
6.578662000,192.168.1.59
6.580321000,200.236.31.4
6.580330000,200.236.31.4
6.580332000,200.236.31.4
6.580333000,200.236.31.4
6.580335000,200.236.31.4
6.580337000,200.236.31.4
6.580459000,192.168.1.59
6.580505000,192.168.1.59
6.580506000,192.168.1.59
6.580583000,192.168.1.59
6.582288000,200.236.31.4
6.582294000,200.236.31.4
6.582296000,200.236.31.4
6.582297000,200.236.31.4
6.582298000,200.236.31.4
6.582300000,200.236.31.4
6.582352000,200.236.31.4
6.582354000,200.236.31.4
6.582355000,200.236.31.4
6.582404000,200.236.31.4
6.582447000,192.168.1.59
6.582466000,192.168.1.59
6.582507000,192.168.1.59
6.582560000,192.168.1.59
6.582606000,192.168.1.59
6.582630000,192.168.1.59
6.582804000,192.168.1.59
6.590939000,200.236.31.4
6.590949000,200.236.31.4
6.590951000,200.236.31.4
6.590954000,200.236.31.4
6.590956000,200.236.31.4
6.590958000,200.236.31.4
6.591072000,200.236.31.4
6.591075000,200.236.31.4
6.591076000,200.236.31.4
6.591078000,200.236.31.4
6.591145000,192.168.1.59
6.591191000,192.168.1.59
6.591191000,192.168.1.59
6.591192000,192.168.1.59
6.591216000,192.168.1.59
6.591333000,192.168.1.59
6.593134000,200.236.31.4
6.593140000,200.236.31.4
6.593142000,200.236.31.4
6.593143000,200.236.31.4
6.593144000,200.236.31.4
6.593145000,200.236.31.4
6.593196000,200.236.31.4
6.593200000,200.236.31.4
6.593201000,200.236.31.4
6.593257000,200.236.31.4
6.593260000,200.236.31.4
6.593334000,200.236.31.4
6.593345000,200.236.31.4
6.593426000,200.236.31.4
6.593437000,200.236.31.4
6.593441000,200.236.31.4
6.593505000,200.236.31.4
6.593530000,192.168.1.59
6.593530000,192.168.1.59
6.593531000,192.168.1.59
6.593531000,192.168.1.59
6.593531000,192.168.1.59
6.593531000,192.168.1.59
6.593532000,192.168.1.59
6.593532000,192.168.1.59
6.593532000,192.168.1.59
6.593533000,192.168.1.59
6.593533000,192.168.1.59
6.593591000,192.168.1.59
6.593631000,192.168.1.59
6.594841000,200.236.31.4
6.594849000,200.236.31.4
6.594900000,200.236.31.4
6.594905000,200.236.31.4
6.594907000,200.236.31.4
6.594960000,200.236.31.4
6.594969000,200.236.31.4
6.595040000,192.168.1.59
6.595040000,192.168.1.59
6.596218000,200.236.31.4
6.596225000,200.236.31.4
6.596227000,200.236.31.4
6.596277000,200.236.31.4
6.596282000,200.236.31.4
6.596284000,200.236.31.4
6.596335000,200.236.31.4
6.596433000,192.168.1.59
6.597892000,200.236.31.4
6.686103000,200.236.31.4
6.686110000,200.236.31.4
6.686112000,200.236.31.4
6.686114000,200.236.31.4
6.686211000,192.168.1.59
6.686259000,192.168.1.59
6.686323000,192.168.1.59
6.687867000,200.236.31.4
6.687874000,200.236.31.4
6.687876000,200.236.31.4
6.687877000,200.236.31.4
6.687980000,192.168.1.59
6.688029000,192.168.1.59
6.688098000,192.168.1.59
6.691873000,200.236.31.4
6.691891000,200.236.31.4
6.691895000,200.236.31.4
6.691896000,200.236.31.4
6.691898000,200.236.31.4
6.691900000,200.236.31.4
6.692015000,200.236.31.4
6.692021000,200.236.31.4
6.692123000,192.168.1.59
6.693835000,200.236.31.4
6.693841000,200.236.31.4
6.693844000,200.236.31.4
6.693845000,200.236.31.4
6.693846000,200.236.31.4
6.693899000,200.236.31.4
6.693901000,200.236.31.4
6.693906000,200.236.31.4
6.694016000,192.168.1.59
6.795347000,192.168.1.59
6.867332000,200.236.31.4
6.867342000,200.236.31.4
6.867344000,200.236.31.4
6.867347000,200.236.31.4
6.867349000,200.236.31.4
6.867350000,200.236.31.4
6.867460000,200.236.31.4
6.867463000,200.236.31.4
6.867541000,192.168.1.59
6.867541000,192.168.1.59
6.867592000,192.168.1.59
6.867592000,192.168.1.59
6.867710000,192.168.1.59
6.868914000,200.236.31.4
6.868920000,200.236.31.4
6.868922000,200.236.31.4
6.868923000,200.236.31.4
6.868924000,200.236.31.4
6.868925000,200.236.31.4
6.868977000,200.236.31.4
6.868980000,200.236.31.4
6.869075000,192.168.1.59
6.869075000,192.168.1.59
6.869101000,192.168.1.59
6.869150000,192.168.1.59
6.869164000,192.168.1.59
6.872105000,200.236.31.4
6.872112000,200.236.31.4
6.872114000,200.236.31.4
6.872115000,200.236.31.4
6.872222000,192.168.1.59
6.872243000,192.168.1.59
6.872328000,192.168.1.59
6.875983000,200.236.31.4
6.875989000,200.236.31.4
6.875991000,200.236.31.4
6.875992000,200.236.31.4
6.875993000,200.236.31.4
6.875994000,200.236.31.4
6.876042000,200.236.31.4
6.876045000,200.236.31.4
6.876049000,200.236.31.4
6.876093000,200.236.31.4
6.876245000,192.168.1.59
6.876245000,192.168.1.59
6.876246000,192.168.1.59
6.876246000,192.168.1.59
6.876246000,192.168.1.59
6.876309000,192.168.1.59
6.876528000,200.236.31.4
6.876532000,200.236.31.4
6.876533000,200.236.31.4
6.876534000,200.236.31.4
6.876599000,192.168.1.59
6.876599000,192.168.1.59
6.876649000,192.168.1.59
6.878278000,200.236.31.4
6.878285000,200.236.31.4
6.878383000,192.168.1.59
6.878436000,192.168.1.59
6.884741000,200.236.31.4
6.884750000,200.236.31.4
6.884752000,200.236.31.4
6.884754000,200.236.31.4
6.884756000,200.236.31.4
6.884758000,200.236.31.4
6.884846000,200.236.31.4
6.884849000,200.236.31.4
6.884852000,200.236.31.4
6.884854000,200.236.31.4
6.884954000,192.168.1.59
6.884955000,192.168.1.59
6.884979000,192.168.1.59
6.885055000,192.168.1.59
6.885056000,192.168.1.59
6.885057000,192.168.1.59
6.886693000,200.236.31.4
6.886700000,200.236.31.4
6.886701000,200.236.31.4
6.886702000,200.236.31.4
6.886703000,200.236.31.4
6.886704000,200.236.31.4
6.886754000,200.236.31.4
6.886759000,200.236.31.4
6.886760000,200.236.31.4
6.886808000,200.236.31.4
6.886810000,200.236.31.4
6.886862000,200.236.31.4
6.886888000,192.168.1.59
6.886889000,192.168.1.59
6.886927000,192.168.1.59
6.887117000,192.168.1.59
6.887118000,192.168.1.59
6.887118000,192.168.1.59
6.887118000,192.168.1.59
6.887118000,192.168.1.59
6.887211000,200.236.31.4
6.887216000,200.236.31.4
6.887217000,200.236.31.4
6.887262000,192.168.1.59
6.887302000,192.168.1.59
6.888269000,200.236.31.4
6.888275000,200.236.31.4
6.888276000,200.236.31.4
6.888277000,200.236.31.4
6.888278000,200.236.31.4
6.888280000,200.236.31.4
6.888327000,200.236.31.4
6.888409000,192.168.1.59
6.888410000,192.168.1.59
6.888437000,192.168.1.59
6.888521000,192.168.1.59
6.890792000,200.236.31.4
6.890799000,200.236.31.4
6.890800000,200.236.31.4
6.890801000,200.236.31.4
6.890803000,200.236.31.4
6.890849000,200.236.31.4
6.890852000,200.236.31.4
6.890929000,192.168.1.59
6.890930000,192.168.1.59
6.890947000,192.168.1.59
6.890989000,192.168.1.59
6.891536000,200.236.31.4
6.891539000,200.236.31.4
6.891575000,200.236.31.4
6.891576000,200.236.31.4
6.891617000,200.236.31.4
6.891661000,200.236.31.4
6.891670000,192.168.1.59
6.891671000,192.168.1.59
6.891671000,192.168.1.59
6.980744000,200.236.31.4
6.980754000,200.236.31.4
6.980925000,192.168.1.59
6.980925000,192.168.1.59
6.981392000,192.168.1.59
7.467689000,192.168.1.59
7.470621000,200.236.31.4
7.470785000,192.168.1.59
7.916341000,200.236.31.4
